occurrenceID,catalogNumber,associatedSequences,family,genus,specificEpithet,decimalLatitude,decimalLongitude,to_sequence,photo,number_without_ctga,location,location_name,sequence
UFAM:CTGA:14031,UFAM:CTGA:14031,tbc,Auchenipteridae,Tatia,musaica,tbc,tbc,sequence,no,,,"Río Atabapo, Venezuela",CTCTACTTAGTATTTGGTGCCTGAGCAGGGATAGTTGGAACCGCCCTTAGTCTTCTAATTCGAGCTGAACTAGCTCAGCCCGGCGCCCTACTAGGTGACGATCAAATTTATAATGTTATCGTCACTGCCCACGCTTTTGTAATAATTTTCTTCATAGTTATGCCAATCATAATTGGAGGTTTCGGAAATTGACTTGTACCCCTCATGATTGGAGCTCCCGATATAGCATTTCCACGAATAAACAATATAAGCTTTTGACTACTCCCTCCCTCCTTCTTACTACTACTTGCCTCTTCAGGGGTAGAAGCTGGGGCGGGGACAGGATGGACTGTTTACCCCCCTCTTGCCGGCAACCTCGCACATGCAGGCGCCTCCGTAGACCTAACCATCTTCTCTCTGCATTTGGCAGGTGTCTCTTCCATTCTTGGGGCCATCAACTTTATCACAACAATTATTAACATAAAACCTCCCGCCATTTCACAGTATCAAACACCATTATTTGTATGAGCAGTTCTAATTACGGCAGTGCTACTACTCTTGTCACTCCCCGTACTTGCTGCCGGCATTACAATACTACTAACAGATCGAAATCTAAAC
UFAM:CTGA:14032,UFAM:CTGA:14032,tbc,Auchenipteridae,Tatia,musaica,tbc,tbc,sequence,no,,,"Río Atabapo, Venezuela",CTCTACTTAGTATTTGGTGCCTGAGCAGGGATAGTTGGAACCGCCCTTAGTCTTCTAATTCGAGCTGAACTAGCTCAGCCCGGCGCCCTACTAGGTGACGATCAAATTTATAATGTTATCGTCACTGCCCACGCTTTTGTAATAATTTTCTTCATAGTTATGCCAATCATAATTGGAGGTTTCGGAAATTGACTTGTACCCCTCATGATTGGAGCTCCCGATATAGCATTTCCACGAATAAACAATATAAGCTTTTGACTACTCCCTCCCTCCTTCTTACTACTACTTGCCTCTTCAGGGGTAGAAGCTGGGGCGGGGACAGGATGGACTGTTTACCCCCCTCTTGCCGGCAACCTCGCACATGCAGGCGCCTCCGTAGACCTAACCATCTTCTCTCTGCATTTGGCAGGTGTCTCTTCCATTCTTGGGGCCATCAACTTTATCACAACAATTATTAACATAAAACCTCCCGCCATTTCACAGTATCAAACACCATTATTTGTATGAGCAGTTCTAATTACGGCAGTGCTACTACTCTTGTCACTCCCCGTACTTGCTGCCGGCATTACAATACTACTAACAGATCGAAATCTAAACACTACTTTC
UFAM:CTGA:14033,UFAM:CTGA:14033,tbc,Auchenipteridae,Tatia,musaica,tbc,tbc,sequence,no,,,"Río Atabapo, Venezuela",CTCTACTTAGTATTTGGTGCCTGAGCAGGGATAGTTGGAACCGCCCTTAGTCTTCTAATTCGAGCTGAACTAGCTCAGCCCGGCGCCCTACTAGGTGACGATCAAATTTATAATGTTATCGTCACTGCCCACGCTTTTGTAATAATTTTCTTCATAGTTATGCCAATCATAATTGGAGGTTTCGGAAATTGACTTGTACCCCTCATGATTGGAGCTCCCGATATAGCATTTCCACGAATAAACAATATAAGCTTTTGACTACTCCCTCCCTCCTTCTTACTACTACTTGCCTCTTCAGGGGTAGAAGCTGGGGCGGGGACAGGATGGACTGTTTACCCCCCTCTTGCCGGCAACCTCGCACATGCAGGCGCCTCCGTAGACCTAACCATCTTCTCTCTGCATTTGGCAGGTGTCTCTTCCATTCTTGGGGCCATCAACTTTATCACAACAATTATTAACATAAAACCTCCCGCCATTTCACAGTATCAAACACCATTATTTGTATGAGCAGTTCTAATTACGGCAGTGCTACTACTCTTGTCACTCCCCGTACTTGCTGCCGGCATTACAATACTACTAACAGATCGAAATCTAAACACTACTTTCTTTGACCCA
UFAM:CTGA:14038,INPA 43883,tbc,Auchenipteridae,Tatia,aff. musaica,-1.71782,-57.36856,,no,9 from NH12,NH08,,
UFAM:CTGA:14039,INPA 43883,tbc,Auchenipteridae,Tatia,aff. musaica,-1.71782,-57.36856,,no,9 from NH12,NH08,,
UFAM:CTGA:14040,INPA 43875,tbc,Auchenipteridae,Tatia,aff. musaica,-1.84123,-57.07212,,no,9 from NH12,NH04,Río en frente de Lagoa Sete Ilhas,
UFAM:CTGA:14041,INPA 43875,tbc,Auchenipteridae,Tatia,aff. musaica,-1.84123,-57.07212,,no,9 from NH12,NH04,Río en frente de Lagoa Sete Ilhas,
UFAM:CTGA:14042,INPA 43895,tbc,Loricariidae,Pseudoloricaria,laeviuscula,-1.6909,-57.42231,,no,,NH05,,
UFAM:CTGA:14043,INPA 43895,tbc,Loricariidae,Pseudoloricaria,laeviuscula,-1.6909,-57.42231,,no,,NH05,,
UFAM:CTGA:14044,INPA 43896,tbc,Loricariidae,Rineloricaria,lanceolata,-1.6909,-57.42231,,no,,NH05,,
UFAM:CTGA:14046,INPA 43895,tbc,Loricariidae,Pseudoloricaria,laeviuscula,-1.6909,-57.42231,,no,,NH05,,
UFAM:CTGA:14047,INPA 43895,tbc,Loricariidae,Pseudoloricaria,laeviuscula,-1.6909,-57.42231,,no,,NH05,,
UFAM:CTGA:14289,INPA 43874,tbc,Auchenipteridae,Auchenipterichthys,longimanus,-1.84123,-57.07212,,yes,,NH04,Río en frente de Lagoa Sete Ilhas,
UFAM:CTGA:14290,INPA 43890,tbc,Heptapteridae,Pimelodella,sp.,-1.6909,-57.42231,sequence,yes,,NH05,,TTTGGTGCCTGAGCCGGAATGGTTGGAACTGCTCTTAGCCTACTAATTCGGGCAGAGCTGGCCCAACCCGGCGCCCTCCTTGGTGATGACCAGATCTATAATGTTATTGTAACTGCTCATGCCTTCGTAATAATTTTCTTTATAGTAATACCAATTATAATTGGAGGCTTTGGAAACTGATTAGTGCCCTTAATAATTGGGGCACCAGATATGGCCTTCCCACGAATAAATAATATAAGCTTCTGACTGCTCCCTCCATCATTTTTACTCCTGCTTGCCTCATCTGGGGTCGAAGCAGGGGTGGGAACAGGATGAACCGTATACCCCCCACTTGCCGGAAACCTAGCACATGCAGGAGCATCTGTAGATCTGGCCATTTTTTCCCTTCATTTAGCAGGTGTATCTTCAATCCTGGGGGCCATTAATTTTATTACAACTATTATTAACATGAAACCCCCAGCTATCTCACAATACCAGACACCCTTATTTGTGTGGGCCGTTTTAATTACAGCAGTACTCCTTCTGCTCTCCCTCCCAGTCCTGGCTGCTGGTATCACAATACTATTAACAGACCGAAATCTAAATACTACATTCTTTGAC
UFAM:CTGA:14305,INPA 43866,tbc,Loricariidae,Peckoltia,cf. vittata,-2.17525,-56.7115,,yes,10 from NH12,NH02,Fazenda de acará-disco,
UFAM:CTGA:14306,INPA 43865,tbc,Loricariidae,Hypoptopoma,incognitum,-2.17525,-56.7115,sequence,yes,8 from NH02,NH02,Fazenda de acará-disco,CTCTACCTGGTATTTGGTGCTTGAGCTGGGATAGTTGGAACAGCCCTCAGCCTCTTAATCCGGGCCGAGCTAAGCCAACCTGGCTCCCTACTAGGCGACGACCAGATCTACAATGTTATTGTTACTGCACATGCCTTCGTAATAATCTTCTTTATAGTAATACCCATCATGATCGGAGGCTTTGGTAACTGACTCGTACCTCTCATGATTGGCGCACCAGATATAGCATTCCCTCGAATGAACAACATGAGCTTTTGGCTCCTTCCTCCATCCTTCCTCCTACTGCTGGCCTCCTCCGGAGTTGAAGCAGGAGCTGGCACAGGCTGAACAGTATACCCCCCACTTGCCGGGAATCTAGCCCATGCAGGAGCTTCAGTAGACCTGACCATCTTCTCACTCCACCTAGCCGGTGTTTCCTCAATTTTAGGCGCTATTAACTTTATTACCACAATCATTAACATGAAACCCCCGGCCATCTCTCAATACCAAACCCCCCTATTCGTCTGAGCCGTACTTGTAACAGCCGTCCTCCTCTTACTCTCACTACCTGTCCTAGCTGCAGGAATTACAATACTACTTACAGACCGAAACTTG
UFAM:CTGA:14307,INPA 43865,tbc,Loricariidae,Hypoptopoma,incognitum,-2.17525,-56.7115,,yes,8 from NH02,NH02,Fazenda de acará-disco,
UFAM:CTGA:14308,INPA 43865,tbc,Loricariidae,Hypoptopoma,incognitum,-2.17525,-56.7115,,yes,8 from NH02,NH02,Fazenda de acará-disco,
UFAM:CTGA:14309,INPA 43865,tbc,Loricariidae,Hypoptopoma,incognitum,-2.17525,-56.7115,,yes,8 from NH02,NH02,Fazenda de acará-disco,
UFAM:CTGA:14310,INPA 43865,tbc,Loricariidae,Hypoptopoma,incognitum,-2.17525,-56.7115,,yes,8 from NH02,NH02,Fazenda de acará-disco,
UFAM:CTGA:14311,INPA 43878,tbc,Loricariidae,Dekeyseria,scaphirhyncha,-1.84123,-57.07212,sequence,yes,3 from NH04. 1 from NH08,NH04,Río en frente de Lagoa Sete Ilhas,CTTTACCTGGTATTTGGTGCCTGAGCCGGAATGGTTGGTACAGCCCTCAGCCTCTTAATTCGGGCCGAGCTAAGCCAACCCGGCTCCCTACTGGGTGACGACCAAATCTATAACGTCATCGTTACTGCACATGCCTTTGTAATAATTTTCTTTATAGTTATACCAATCATAATTGGAGGTTTTGGAAATTGACTGGTACCACTAATAATTGGGGCCCCTGATATGGCTTTCCCTCGAATAAATAACATAAGCTTTTGATTATTACCCCCATCATTCCTTCTCTTGCTAGCCTCCTCAGGGGTTGAAGCGGGGGCGGGAACAGGTTGAACCGTATATCCCCCATTAGCTGGAAATCTAGCCCATGCAGGAGCCTCAGTAGACCTAACCATTTTTTCACTTCACCTAGCTGGTGTTTCCTCAATTCTTGGGGCAATTAATTTTATTACCACAATCATCAACATAAAACCCCCGGCCATCTCACAATATCAAACCCCATTATTCGTTTGATCTGTTTTAATTACAGCCGTCCTGCTCCTACTCTCACTACCTGTTCTAGCTGCTGGTATTACAATATTATTAACAGACCGAAACTTAAACACCACCTTCTTTGATCCTGCA
UFAM:CTGA:14312,INPA 43878,tbc,Loricariidae,Dekeyseria,scaphirhyncha,-1.84123,-57.07212,,yes,3 from NH04. 1 from NH08,NH04,Río en frente de Lagoa Sete Ilhas,
UFAM:CTGA:14313,INPA 43878,tbc,Loricariidae,Dekeyseria,scaphirhyncha,-1.84123,-57.07212,,yes,3 from NH04. 1 from NH08,NH04,Río en frente de Lagoa Sete Ilhas,
UFAM:CTGA:14314,INPA 43878,tbc,Loricariidae,Dekeyseria,scaphirhyncha,-1.84123,-57.07212,,yes,3 from NH04. 1 from NH08,NH04,Río en frente de Lagoa Sete Ilhas,
UFAM:CTGA:14315,INPA 43878,tbc,Loricariidae,Dekeyseria,scaphirhyncha,-1.84123,-57.07212,,yes,3 from NH04. 1 from NH08,NH04,Río en frente de Lagoa Sete Ilhas,
UFAM:CTGA:14316,INPA 43881,tbc,Loricariidae,Peckoltia,cf. vittata,-1.84123,-57.07212,sequence,yes,10 from NH12,NH04,Río en frente de Lagoa Sete Ilhas,CTTTACTTAGTATTTGGTGCCTGAGCCGGAATAGTTGGCACAGCTCTCAGCCTTTTAATCCGAGCTGAATTGAGTCAACCCGGCTCCCTACTAGGCGATGACCAAATTTATAATGTCATCGTCACTGCACATGCCTTTGTAATAATTTTTTTTATGGTAATACCAATTATGATTGGAGGTTTTGGAAATTGACTAGTACCACTGATGATTGGGGCCCCCGATATGGCCTTCCCACGAATAAATAATATGAGCTTCTGATTACTCCCCCCATCATTTCTTCTCTTGCTAGCCTCTTCAGGAATTGAAGCAGGGGCAGGAACAGGTTGAACTGTATACCCTCCCCTCGCTGGAAATTTAGCTCACGCAGGAGCTTCAGTTGACCTGACTATCTTTTCACTTCACCTAGCTGGTGTTTCTTCAATTCTAGGAGCAATTAATTTTATTACTACTATTATTAACATAAAACCCCCAGCCATTTCTCAGTACCAAACTCCTTTATTTGTATGAGCTGTGCTTATCACAGCTGTTCTACTTCTTCTTTCACTTCCCGTTTTGGCCGCTGGTATTACAATACTGCTAACAGACCGAAATTTAAATACTACCTTCTTCGACCCTGCTGGA
UFAM:CTGA:14317,INPA 43879,tbc,Loricariidae,Hypostomus,carinatus,-1.84123,-57.07212,sequence,yes,,NH04,Río en frente de Lagoa Sete Ilhas,CTTTACTTAGTATTTGGTGCCTGAGCCGGAATGGTTGGCACAGCTCTCAGCCTTTTAATTCGGGCTGAGTTGAGCCAACCCGGCTCCCTACTAGGTGATGACCAAATTTATAATGTCATCGTTACTGCACATGCCTTCGTAATAATTTTCTTTATAGTAATGCCAATTATAATTGGGGGCTTTGGGAACTGATTAGTTCCACTAATGATTGGAGCACCCGACATGGCCTTCCCACGAATAAACAATATGAGCTTCTGATTACTCCCTCCATCGTTTCTTCTCTTGTTAGCTTCCTCAGGAGTTGAAGCGGGAGCAGGAACAGGTTGAACTGTATATCCACCTCTCGCTGGAAACTTAGCCCATGCAGGAGCTTCAGTTGATCTAACCATCTTTTCACTTCACCTGGCTGGTGTTTCTTCAATTTTGGGAGCAATTAACTTTATTACTACTATTATTAATATAAAACCCCCAGCTATTTCTCAATATCAAACTCCTTTATTTGTATGAGCTGTACTTGTCACAGCTGTTCTACTCCTGCTCTCACTACCAGTTCTAGCCGCTGGTATTACAATATTGCTAACAGACCGAAATTTA
UFAM:CTGA:14318,INPA 43879,tbc,Loricariidae,Hypostomus,carinatus,-1.84123,-57.07212,,yes,,NH04,Río en frente de Lagoa Sete Ilhas,
UFAM:CTGA:14319,INPA 43879,tbc,Loricariidae,Hypostomus,carinatus,-1.84123,-57.07212,,yes,,NH04,Río en frente de Lagoa Sete Ilhas,
UFAM:CTGA:14320,INPA 43877,tbc,Loricariidae,Ancistrus,dolichopterus,-1.84123,-57.07212,,yes,,NH04,Río en frente de Lagoa Sete Ilhas,
UFAM:CTGA:14321,INPA 43877,tbc,Loricariidae,Ancistrus,dolichopterus,-1.84123,-57.07212,sequence,yes,,NH04,Río en frente de Lagoa Sete Ilhas,CTTTACCTAGTGTTTGGTGCTTGAGCCGGAATGGTCGGTACAGCCCTCAGTCTCTTAATTCGAGCTGAGTTGAGCCAACCCGGTTCTCTATTAGGTGATGACCAGATCTATAATGTCATCGTTACCGCACATGCTTTCGTAATAATTTTCTTTATAGTTATGCCAATTATAATCGGGGGCTTTGGAAATTGACTAGTCCCACTAATGATCGGAGCGCCCGACATAGCCTTCCCACGAATAAATAACATAAGCTTCTGACTACTCCCCCCTTCATTCCTTCTCTTACTAGCCTCGTCAGGAGTCGAGGCAGGAGCAGGGACAGGTTGAACTGTATACCCGCCCCTTGCCGGAAACTTGGCCCACGCAGGGGCTTCAGTTGACCTAACTATCTTTTCACTACACCTAGCTGGTGTGTCCTCAATTCTTGGTGCAATTAACTTCATTACTACAATTATTAATATAAAACCCCCAGCTATTTCACAATATCAGACCCCATTGTTTGTGTGGGCCGTACTTGTAACAGCGGTTCTGCTCCTGCTTTCCTTACCCGTTCTAGCTGCCGGTATTACAATACTACTAACAGATCGAAATCTAAATACC
UFAM:CTGA:14322,INPA 43877,tbc,Loricariidae,Ancistrus,dolichopterus,-1.84123,-57.07212,,yes,,NH04,Río en frente de Lagoa Sete Ilhas,
UFAM:CTGA:14323,INPA 43877,tbc,Loricariidae,Ancistrus,dolichopterus,-1.84123,-57.07212,,yes,,NH04,Río en frente de Lagoa Sete Ilhas,
UFAM:CTGA:14324,INPA 43877,tbc,Loricariidae,Ancistrus,dolichopterus,-1.84123,-57.07212,,yes,,NH04,Río en frente de Lagoa Sete Ilhas,
UFAM:CTGA:14325,INPA 43881,tbc,Loricariidae,Peckoltia,cf. vittata,-1.84123,-57.07212,,yes,10 from NH12,NH04,Río en frente de Lagoa Sete Ilhas,
UFAM:CTGA:14326,INPA 43881,tbc,Loricariidae,Peckoltia,cf. vittata,-1.84123,-57.07212,,yes,10 from NH12,NH04,Río en frente de Lagoa Sete Ilhas,
UFAM:CTGA:14327,INPA 43881,tbc,Loricariidae,Peckoltia,cf. vittata,-1.84123,-57.07212,,yes,10 from NH12,NH04,Río en frente de Lagoa Sete Ilhas,
UFAM:CTGA:14328,INPA 43880,tbc,Loricariidae,Leporacanthicus,galaxias,-1.84123,-57.07212,,yes,,NH04,Río en frente de Lagoa Sete Ilhas,
UFAM:CTGA:14329,INPA 43886,tbc,Loricariidae,Lasiancistrus,schomburgkii,-1.6909,-57.42231,sequence,yes,,NH05,,CTTTACTTGGTATTTGGTGCCTGAGCCGGAATGGTTGGGACAGCTCTCAGTCTCTTAATCCGAGCTGAGCTAAGCCAACCCGGTTCCCTACTAGGTGACGACCAAATCTATAACGTCATCGTCACCGCACATGCCTTCGTAATAATTTTCTTTATGGTAATACCAATTATGATTGGAGGCTTTGGAAACTGACTAGTGCCACTAATAATTGGAGCGCCTGATATAGCCTTCCCACGAATAAATAATATAAGCTTCTGACTACTCCCCCCATCATTCCTTCTCCTATTGGCCTCTTCAGGTGTTGAAGCAGGGGCAGGAACAGGCTGAACCGTATATCCCCCTCTTGCCGGAAATCTGGCCCACGCAGGAGCTTCAGTAGACCTGACCATCTTTTCACTTCACCTAGCGGGTGTCTCTTCAATTCTGGGTGCAATTAACTTTATTACTACAATCATCAACATGAAACCCCCAGCTATCTCGCAGTACCAGACCCCCTTATTTGTGTGGGCTGTGCTTATTACAGCCGTCCTGCTCCTACTTTCACTGCCAGTTTTAGCTGCCGGCATTACAATACTGCTAACAGACCGAAACCTAAACACTACATTCTTCGACCCT
UFAM:CTGA:14330,INPA 43896,tbc,Loricariidae,Rineloricaria,lanceolata,-1.6909,-57.42231,sequence,yes,,NH05,,GGCACAGCTCTTAGCCTGCTGATTCGGGCTGAACTAAGCCAACCGGGCTCCCTACTGGGCGATGACCAAATTTATAATGTTATCGTTACTGCACATGCCTTCGTAATAATCTTCTTCATAGTAATACCCATTATGATTGGTGGCTTCGGGAACTGGCTGGTACCCTTAATAATTGGTGCACCTGATATAGCATTTCCACGAATAAACAACATAAGTTTCTGACTACTCCCCCCATCATTCCTACTTTTACTAGCCTCATCAGGAGTTGAAGCCGGGGCTGGAACGGGGTGAACCGTATACCCGCCTCTTGCCGGAAACCTAGCCCATGCAGGGGCTTCTGTTGATCTAACCATCTTCTCACTACACCTGGCAGGTGTCTCCTCTATTTTGGGGGCAATCAACTTCATTACTACAATTATTAATATAAAACCCCCAGCCATTTCACAATACCAAACTCCCTTATTCGTCTGGGCTGTCCTAGTTACAGCAGTCCTACTCCTCTTATCCCTCCCAGTCCTAGCTGCTGGA
UFAM:CTGA:14331,INPA 43891,tbc,Loricariidae,Farlowella,nattereri,-1.6909,-57.42231,sequence,yes,,NH05,,CTCTACCTGGTATTTGGTGCCTGAGCCGGAATAGTCGGCACAGCCCTTAGCCTGTTAATCCGAGCCGAACTAAGTCAGCCCGGCTCCTTGCTAGGCGATGACCAAATTTATAATGTAATCGTCACTGCACATGCCTTCGTAATAATTTTCTTCATAGTGATACCCATTATAATTGGAGGCTTTGGAAACTGACTAGTGCCCCTAATGATCGGGGCACCAGACATAGCGTTTCCACGAATAAACAACATAAGCTTTTGATTACTTCCCCCATCATTCTTACTTCTGCTAGCCTCCTCTGGAGTTGAAGCAGGAGCCGGAACAGGCTGAACCGTGTACCCCCCTCTTGCCGGAAATTTAGCCCACGCGGGAGCTTCAGTTGACCTTACCATCTTCTCCCTCCATCTAGCAGGGGTCTCTTCTATTCTCGGAGCAATCAACTTCATTACTACAATTATTAACATAAAACCCCCAGCCATCTCACAGTACCAAACCCCTCTATTTGTCTGAGCCGTATTAGTCACAGCCGTCCTGCTTTTGCTCTCCCTACCAGTCTTAGCTGCCGGGATTACTATACTGTTAACAGACCGA
UFAM:CTGA:14332,INPA 43893,tbc,Loricariidae,Loricaria,cataphracta,-1.6909,-57.42231,sequence,yes,,NH05,,CTCTACCTAGTATTTGGTGCATGAGCCGGAATAGTAGGCACAGCTCTTAGCCTGCTAATTCGGGCCGAACTAAGCCAACCAGGTTCCCTATTGGGCGATGACCAAATTTATAATGTCATCGTTACTGCACATGCCTTCGTAATAATTTTCTTCATAGTAATGCCTATTATAATTGGAGGCTTTGGAAATTGATTAGTGCCATTAATAATTGGGGCACCAGATATGGCATTCCCACGTATAAATAATATAAGCTTTTGACTACTTCCCCCCTCATTTTTACTTCTACTAGCCTCATCAGGAGTAGAAGCAGGGGCGGGAACAGGCTGAACAGTATATCCCCCCCTTGCAGGAAACCTAGCCCATGCAGGAGCCTCAGTTGACCTAACCATCTTTTCACTGCACTTAGCAGGGGTCTCATCCATCCTTGGGGCAATTAATTTTATCACCACAATCATTAATATGAAACCTCCAGCCATCTCACAATATCAAACCCCCCTATTCGTATGGGCCGTATTAGTTACGGCCGTCCTACTACTCCTATCCCTCCCAGTCTTAGCTGCCGGAATTACCATATTACTAACAGACCGAAATCTAAACACTACCTTCTTTGACCCTGCAGGAGGAGGC
UFAM:CTGA:14333,INPA 43894,tbc,Loricariidae,Peckoltia,cf. vittata,-1.6909,-57.42231,sequence,yes,10 from NH12,NH05,,CTTTACTTAGTATTTGGTGCCTGAGCCGGAATAGTTGGCACAGCTCTCAGCCTTTTAATCCGAGCTGAATTGAGTCAACCCGGCTCCCTACTAGGCGATGACCAAATTTATAATGTCATCGTCACTGCACATGCCTTTGTAATAATTTTTTTTATGGTAATACCAATTATGATTGGAGGTTTTGGAAATTGACTAGTACCACTGATGATTGGGGCCCCCGATATGGCCTTCCCACGAATAAATAATATGAGCTTCTGATTACTCCCCCCATCATTTCTTCTCTTGCTAGCCTCTTCAGGAATTGAAGCAGGGGCAGGAACAGGTTGAACTGTATACCCTCCCCTCGCTGGAAATTTAGCTCACGCAGGAGCTTCAGTTGACCTGACTATCTTTTCACTTCACCTAGCTGGTGTTTCTTCAATTCTAGGAGCAATTAATTTTATTACTACTATTATTAACATAAAACCCCCAGCCATTTCTCAGTACCAAACTCCTTTATTTGTATGAGCTGTGCTTATCACAGCTGTTCTACTTCTTCTTTCACTTCCCGTT
UFAM:CTGA:14334,INPA 43894,tbc,Loricariidae,Peckoltia,cf. vittata,-1.6909,-57.42231,,yes,10 from NH12,NH05,,
UFAM:CTGA:14335,INPA 43894,tbc,Loricariidae,Peckoltia,cf. vittata,-1.6909,-57.42231,,yes,10 from NH12,NH05,,
UFAM:CTGA:14408,INPA 43898,tbc,Pimelodidae,Calophysus,macropterus,-1.67511,-57.47678,,yes,,,Chave_rio Nhamundá,
UFAM:CTGA:14421,INPA 43883,tbc,Auchenipteridae,Tatia,aff. musaica,-1.71782,-57.36856,,yes,9 from NH12,NH08,,
UFAM:CTGA:14422,INPA 43889,tbc,Loricariidae,Pseudolithoxus,sp. 'INPA 43888',-1.71782,-57.36856,sequence,yes,11 from NH08,NH08,,CTTTATTTAGTATTTGGTGCCTGAGCCGGAATAGTTGGTACAGCTCTTAGCCTCCTAATTCGAGCTGAGCTAAGCCAACCCGGTTCTCTATTAGGTGACGATCAAATTTATAACGTCATCGTTACTGCACATGCCTTCGTAATAATTTTCTTTATAGTAATACCAATTATGATTGGGGGCTTTGGAAATTGACTAGTACCTCTAATGATTGGAGCACCCGATATAGCCTTTCCCCGAATAAATAATATGAGCTTCTGATTGCTTCCCCCATCATTCCTACTATTATTAGCCTCCTCAGGAGTTGAAGCAGGAGCAGGAACAGGCTGAACTGTATATCCCCCTCTTGCCGGAAACCTGGCCCACGCAGGGGCTTCAGTTGACCTAACTATCTTCTCTCTTCACCTAGCTGGTGTTTCCTCAATTCTTGGGGCAATTAACTTTATTACTACAATTATCAATATAAAACCCCCAGCTATTTCACAATACCAAACTCCCTTATTTGTGTGAGCTGTTCTTGTTACAGCTGTCCTACTCCTACTCTCACTACCCGTCCTAGCCGCTGGCATTACAATACTACTTACAGACCGA
UFAM:CTGA:14423,INPA 43887,tbc,Loricariidae,Peckoltia,cf. vittata,-1.71782,-57.36856,,yes,10 from NH12,NH08,,
UFAM:CTGA:14424,INPA 43887,tbc,Loricariidae,Peckoltia,cf. vittata,-1.71782,-57.36856,,yes,10 from NH12,NH08,,
UFAM:CTGA:14425,INPA 43885,tbc,Loricariidae,Hypostomus,carinatus,-1.71782,-57.36856,,yes,,NH08,,
UFAM:CTGA:14426,INPA 43885,tbc,Loricariidae,Hypostomus,carinatus,-1.71782,-57.36856,,yes,,NH08,,
UFAM:CTGA:14427,INPA 43892,tbc,Loricariidae,Lasiancistrus,schomburgkii,-1.71782,-57.36856,,yes,,NH08,,
UFAM:CTGA:14428,INPA 43897,tbc,Auchenipteridae,Trachycorystes,trachycorystes,-1.67511,-57.47678,,yes,,,Chave_rio Nhamundá,
UFAM:CTGA:14429,INPA 43897,tbc,Auchenipteridae,Trachycorystes,trachycorystes,-1.67511,-57.47678,sequence,yes,,,Chave_rio Nhamundá,CTATACCTAATCTTTGGTGCCTGGGCAGGAATAGTTGGTACTGCCCTCAGCCTGCTAATTCGAGCAGAATTAGCCCAGCCAGGCGCCCTACTGGGCGATGACCAAATTTACAACGTCATTGTCACTGCTCATGCCTTTGTAATAATTTTCTTTATAGTAATGCCAATCATAATCGGGGGTTTTGGAAACTGACTAGTCCCATTAATAATTGGAGCGCCTGACATGGCATTTCCCCGAATAAATAATATAAGCTTTTGACTACTACCCCCGTCTTTCCTATTACTACTAGCTTCCTCCGGAGTAGAGGCAGGGGCAGGGACAGGGTGGACCGTGTACCCCCCTCTTGCCGGGAACCTTGCACATGCCGGAGCTTCCGTTGATTTAACCATCTTCTCACTCCACCTGGCGGGAGTCTCATCTATCCTAGGCGCTATCAATTTCATTACAACAATTATCAACATGAAACCTCCAGCTATCTCACAATATCAAACACCTTTATTTGTGTGGGCGATCCTAATTACAGCAGTACTGCTCTTACTATCCCTTCCAGTGCTTGCTGCTGGCATCACAATGCTGCTAACAGACCGTAACCTAAATACAACATTCTTTGACCCTGCGGGAGGGGGG
UFAM:CTGA:14443,NA,tbc,Pimelodidae,Pinirampus,pirinampu,-1.67511,-57.47678,sequence,no,,,Barão_rio Nhamundá,CTTTACTTAGTATTTGGTGCCTGAGCCGGAATAGTCGGCACAGCCCTTAGCCTATTAATTCGGGCAGAGTTAGCTCAACCTGGCGCCCTTCTAGGTGATGATCAGATTTATAATGTCATCGTTACTGCTCATGCCTTTGTAATAATTTTCTTTATAGTAATACCAATTATAATTGGAGGTTTCGGGAACTGATTGGTCCCCCTAATAATCGGGGCACCAGACATGGCATTTCCCCGAATAAATAATATAAGCTTCTGACTGCTGCCACCGTCTTTCCTACTCCTGCTTGCATCCTCGGGGGTAGAAGCCGGGGCAGGTACGGGCTGAACTGTCTACCCGCCTCTCGCTGGGAACCTGGCACACGCAGGGGCTTCCGTAGACCTAACTATTTTTTCCCTACACCTAGCAGGTGTATCATCAATTTTAGGAGCCATCAATTTTATCACAACCATTATCAACATAAAACCACCAGCTATTTCACAATATCAAACACCACTATTTGTATGGTCCGTCTTAATTACAGCAGTACTGCTTCTATTATCACTTCCAGTACTGGCCGCAGGTATTACAATATTACTTACGGACCGAAACCTAAACACAACTTTCTTTGACCCAGCAGGAGGAGGGGACCCA
UFAM:CTGA:14451,NA,tbc,Pimelodidae,Pseudoplatystoma,reticulatum,-1.67511,-57.47678,sequence,no,,,Barão_rio Nhamundá,CTCTACCTAGTATTTGGTGCCTGAGCCGGAATAGTTGGTACAGCCCTTAGCCTACTAATTCGGGCAGAGCTGGCCCAACCCGGCGCCTTTCTAGGTGATGACCAAATTTACAACGTCATTGTAACTGCTCATGCCTTTGTAATAATTTTCTTTATAGTGATACCCATTATGATCGGGGGATTTGGAAACTGATTAATCCCACTAATAATTGGGGCACCCGACATAGCATTCCCACGAATAAATAACATAAGCTTCTGACTACTTCCCCCATCCTTCTTACTTCTGCTTGCCTCGTCTGGGGTAGAAGCAGGAGCAGGAACAGGCTGAACTGTCTATCCTCCCCTTGCAGGGAATCTAGCACACGCCGGAGCTTCTGTAGATCTAACTATTTTCTCCCTACATCTAGCAGGGGTGTCATCCATCCTAGGAGCCATTAACTTTATTACAACCATCATCAACATAAAACCCCCCTCTATCTCACAATATCAAACACCATTATTTGTATGATCAGTCCTAATTACAGCTGTACTTCTTCTACTATCCCTCCCCGTCTTAGCCGCAGGCATTACAATGTTACTAACAGACCGAAACCTAAATACTACATTCTTTGACCCAGCAGGAGGAGGAGACCCA
UFAM:CTGA:14452,NA,tbc,Pimelodidae,Pseudoplatystoma,reticulatum,-1.67511,-57.47678,,no,,,Barão_rio Nhamundá,
UFAM:CTGA:14453,NA,tbc,Pimelodidae,Pseudoplatystoma,reticulatum,-1.67511,-57.47678,,no,,,Barão_rio Nhamundá,
UFAM:CTGA:14454,NA,tbc,Pimelodidae,Pseudoplatystoma,reticulatum,-1.67511,-57.47678,,no,,,Barão_rio Nhamundá,
UFAM:CTGA:14459,NA,tbc,Pimelodidae,Phractocephalus,hemioliopterus,-1.67511,-57.47678,sequence,yes,,,Barão_rio Nhamundá,CTCTACTTAGTATTTGGTGCCTGAGCCGGAATAGTTGGTACAGCTCTTAGCCTATTAATTCGGGCAGAGCTAGCCCAACCAGGTGCCCTCCTAGGTGATGATCAAATTTACAATGTTATTGTTACCGCTCATGCCTTCGTAATAATTTTCTTCATAGTTATACCAATTATGATCGGGGGATTTGGAAATTGACTAGTCCCACTAATAATCGGGGCACCAGACATGGCATTCCCACGAATAAATAACATAAGTTTCTGACTACTTCCCCCATCCTTCCTACTACTACTTGCCTCGTCTGGGGTAGAAGCTGGGGCGGGGACAGGTTGAACCGTGTATCCCCCTCTTGCTGGAAATCTTGCACACGCAGGAGCTTCGGTAGATTTAACTATCTTCTCACTCCACCTAGCAGGGGTGTCGTCTATTCTTGGAGCCATTAACTTCATTACAACTATTATTAACATAAAACCCCCAGCCATTTCACAATACCAAACACCACTATTTGTATGGGCCATTCTAATTACAGCTGTACTACTACTATTATCACTACCAGTATTGGCCGCAGGCATTACAATGTTATTAACAGACCGAAACTTAAACACCACATTCTTCGACCCAGCAGGAGGGGGAGACCCA
UFAM:CTGA:14482,INPA 43889,tbc,Loricariidae,Pseudolithoxus,sp. 'INPA 43888',-1.71782,-57.36856,,yes,11 from NH08,NH08,,
UFAM:CTGA:14483,INPA 43889,tbc,Loricariidae,Pseudolithoxus,sp. 'INPA 43888',-1.71782,-57.36856,sequence,yes,11 from NH08,NH08,,CTTTATTTAGTATTTGGTGCCTGAGCCGGAATAGTTGGTACAGCTCTTAGCCTCCTAATTCGAGCTGAGCTAAGCCAACCCGGTTCTCTATTAGGTGACGATCAAATTTATAACGTCATCGTTACTGCACATGCCTTCGTAATAATTTTCTTTATAGTAATACCAATTATGATTGGGGGCTTTGGAAATTGACTAGTACCTCTAATGATTGGAGCACCCGATATAGCCTTTCCCCGAATAAATAATATGAGCTTCTGATTGCTTCCCCCATCATTCCTACTATTATTAGCCTCCTCAGGAGTTGAAGCAGGAGCAGGAACAGGCTGAACTGTATATCCCCCTCTTGCCGGAAACCTGGCCCACGCAGGGGCTTCAGTTGACCTAACTATCTTCTCTCTTCACCTAGCTGGTGTTTCCTCAATTCTTGGGGCAATTAACTTTATTACTACAATTATCAATATAAAACCCCCAGCTATTTCACAATACCAAACTCCCTTATTTGTGTGAGCTGTTCTTGTTACAGCTGTCCTACTCCTACTCTCACTACCCGTCCTAGCCGCTGGCATTACAATACTACTTACAGACCGAAACCTAAACACCACATTCTTCGACCCTGCAGGGGGCGGA
UFAM:CTGA:14484,INPA 43889,tbc,Loricariidae,Pseudolithoxus,sp. 'INPA 43888',-1.71782,-57.36856,,yes,11 from NH08,NH08,,
UFAM:CTGA:14485,INPA 43889,tbc,Loricariidae,Pseudolithoxus,sp. 'INPA 43888',-1.71782,-57.36856,sequence,yes,11 from NH08,NH08,,CTTTATTTAGTATTTGGTGCCTGAGCCGGAATAGTTGGTACAGCTCTTAGCCTCCTAATTCGAGCTGAGCTAAGCCAACCCGGTTCTCTATTAGGTGACGATCAAATTTATAACGTCATCGTTACTGCACATGCCTTCGTAATAATTTTCTTTATAGTAATACCAATTATGATTGGGGGCTTTGGAAATTGACTAGTACCTCTAATGATTGGAGCACCCGATATAGCCTTTCCCCGAATAAATAATATGAGCTTCTGATTGCTTCCCCCATCATTCCTACTATTATTAGCCTCCTCAGGAGTTGAAGCAGGAGCAGGAACAGGCTGAACTGTATATCCCCCTCTTGCCGGAAACCTGGCCCACGCAGGGGCTTCAGTTGACCTAACTATCTTCTCTCTTCACCTAGCTGGTGTTTCCTCAATTCTTGGGGCAATTAACTTTATTACTACAATTATCAATATAAAACCCCCAGCTATTTCACAATACCAAACTCCCTTATTTGTGTGAGCTGTTCTTGTTACAGCTGTCCTACTCCTACTCTCACTACCCGTCCTAGCCGCTGGCATTACAATACTACTTACAGACCGAAACCTAAACACCACATTCTTCGACCCTGCA
UFAM:CTGA:14486,INPA 43889,tbc,Loricariidae,Pseudolithoxus,sp. 'INPA 43888',-1.71782,-57.36856,,yes,11 from NH08,NH08,,
UFAM:CTGA:14487,INPA 43880,tbc,Loricariidae,Leporacanthicus,galaxias,-1.84123,-57.07212,,yes,,NH04,Río en frente de Lagoa Sete Ilhas,
UFAM:CTGA:14488,INPA 43880,tbc,Loricariidae,Leporacanthicus,galaxias,-1.84123,-57.07212,sequence,yes,,NH04,Río en frente de Lagoa Sete Ilhas,CTTTACTTAGTATTCGGTGCCTGAGCCGGAATGGTTGGCACAGCCCTCAGCCTTTTAATCCGAGCTGAGCTAAGCCAACCCGGCTCTCTACTGGGCGATGACCAAATTTATAATGTCATCGTTACTGCACATGCCTTCGTAATGATTTTCTTCATAGTAATGCCAATTATAATTGGGGGCTTTGGAAATTGACTAGTGCCACTAATGATTGGGGCCCCCGACATGGCCTTTCCACGAATAAATAATATGAGCTTCTGATTACTCCCCCCGTCATTCCTCCTACTCTTAGCCTCTTCAGGGGTTGAGGCAGGAGCAGGGACTGGTTGGACTGTATACCCCCCTCTCGCCGGGAACTTAGCTCACGCAGGGGCCTCAGTAGACCTAACTATTTTTTCACTTCATCTAGCTGGTGTGTCCTCAATTCTTGGGGCAATTAATTTTATTACTACAATTATTAACATAAAACCCCCAGCCATTTCACAATATCAAACCCCTCTATTTGTATGAGCTTTACTTATTACAGCTGTCCTTCTCCTTCTCTCACTACCTGTCCTAGCTGCCGGCATTACAATATTACTAACAGACCGAAATCTGAATACTACCTTCTTCGACCCTGCAGGGGGCGGAGATCCA
UFAM:CTGA:14489,INPA 43877,tbc,Loricariidae,Ancistrus,dolichopterus,-1.84123,-57.07212,,yes,,NH04,Río en frente de Lagoa Sete Ilhas,
UFAM:CTGA:14490,INPA 43877,tbc,Loricariidae,Ancistrus,dolichopterus,-1.84123,-57.07212,sequence,yes,,NH04,Río en frente de Lagoa Sete Ilhas,CTTTACCTAGTGTTTGGTGCTTGAGCCGGAATGGTCGGTACAGCCCTCAGTCTCTTAATTCGAGCTGAGTTGAGCCAACCCGGTTCTCTATTAGGTGATGACCAGATCTATAATGTCATCGTTACCGCACATGCTTTCGTAATAATTTTCTTTATAGTTATGCCAATTATAATCGGGGGCTTTGGAAATTGACTAGTCCCACTAATGATCGGAGCGCCCGACATAGCCTTCCCACGAATAAATAACATAAGCTTCTGACTACTCCCCCCTTCATTCCTTCTCTTACTAGCCTCGTCAGGAGTCGAGGCAGGAGCAGGGACAGGTTGAACTGTATACCCGCCCCTTGCCGGAAACTTGGCCCACGCAGGGGCTTCAGTTGACCTAACTATCTTTTCACTACACCTAGCTGGTGTGTCCTCAATTCTTGGTGCAATTAACTTCATTACTACAATTATTAATATAAAACCCCCAGCTATTTCACAATATCAGACCCCATTGTTTGTGTGGGCCGTACTTGTAACAGCGGTTCTGCTCCTGCTTTCCTTACCCGTTCTAGCTGCCGGTATTACAATACTACTAACAGATCGAAATCTAAATACC
UFAM:CTGA:14491,INPA 43877,tbc,Loricariidae,Ancistrus,dolichopterus,-1.84123,-57.07212,,yes,,NH04,Río en frente de Lagoa Sete Ilhas,
UFAM:CTGA:14492,INPA 43877,tbc,Loricariidae,Ancistrus,dolichopterus,-1.84123,-57.07212,,yes,,NH04,Río en frente de Lagoa Sete Ilhas,
UFAM:CTGA:14493,INPA 43877,tbc,Loricariidae,Ancistrus,dolichopterus,-1.84123,-57.07212,,yes,,NH04,Río en frente de Lagoa Sete Ilhas,
UFAM:CTGA:14494,INPA 43881,tbc,Loricariidae,Peckoltia,cf. vittata,-1.84123,-57.07212,,yes,10 from NH12,NH04,Río en frente de Lagoa Sete Ilhas,
UFAM:CTGA:14495,INPA 43881,tbc,Loricariidae,Peckoltia,cf. vittata,-1.84123,-57.07212,,yes,10 from NH12,NH04,Río en frente de Lagoa Sete Ilhas,
UFAM:CTGA:14496,INPA 43881,tbc,Loricariidae,Peckoltia,cf. vittata,-1.84123,-57.07212,,yes,10 from NH12,NH04,Río en frente de Lagoa Sete Ilhas,
UFAM:CTGA:14497,INPA 43882,tbc,Pseudopimelodidae,Batrochoglanis,villosus,-1.84123,-57.07212,sequence,yes,,NH04,Río en frente de Lagoa Sete Ilhas,GCCTGGGCCGGAATAGTTGGCACAGCCCTTAGCCTTCTAATTCGGGCAGAGCTGGCCCAACCCGGTGCTTTTCTAGGCGATGACCAAATTTATAACGTTATCGTTACTGCCCATGCCTTCGTAATAATTTTCTTTATAGTAATACCTATTATAATTGGGGGCTTCGGAAACTGGCTTATTCCACTAATGATTGGGGCACCAGACATAGCATTCCCCCGGATAAATAACATAAGCTTCTGGTTGTTGCCCCCCTCCTTCCTACTTCTGCTTGCCTCATCAGGCGTTGAAGCAGGAGTTGGCACAGGGTGAACCGTTTATCCCCCCCTCGCCGGAAATCTAGCACATGCTGGGGCCTCCGTAGATCTAGCCATTTTCTCCCTCCACCTTGCAGGGGTGTCCTCCATTCTAGGGGCAATCAATTTTATTACGACCATTATTAATATAAAACCCCCGGCCATTTCACAGTATCAGACACCCCTATTTGTATGGGCCACCCTAATTACGGCAGTACTACTACTACTATCACTCCCAGTCTTAGCTGCTGGTATTACAATACTGCTAACAGATCGAAACTTAAATACCACATTCTTTGACCCCGCAGGAGGG
UFAM:CTGA:14498,INPA 43882,tbc,Pseudopimelodidae,Batrochoglanis,villosus,-1.84123,-57.07212,,yes,,NH04,Río en frente de Lagoa Sete Ilhas,
UFAM:CTGA:14499,INPA 43882,tbc,Pseudopimelodidae,Batrochoglanis,villosus,-1.84123,-57.07212,,yes,,NH04,Río en frente de Lagoa Sete Ilhas,
UFAM:CTGA:14500,INPA 43882,tbc,Pseudopimelodidae,Batrochoglanis,villosus,-1.84123,-57.07212,,yes,,NH04,Río en frente de Lagoa Sete Ilhas,
UFAM:CTGA:14501,INPA 43874,tbc,Auchenipteridae,Auchenipterichthys,longimanus,-1.84123,-57.07212,sequence,yes,,NH04,Río en frente de Lagoa Sete Ilhas,CTCTACCTAATCTTTGGTGCCTGGGCAGGAATAGTTGGTACCGCCCTCAGCCTGTTAATTCGAGCAGAACTAGCTCAGCCAGGGGCCCTTCTGGGAGACGACCAAATTTATAACGTAATTGTCACTGCCCATGCCTTTGTAATAATTTTCTTTATAGTAATACCAATTATGATCGGAGGATTTGGAAACTGACTTATCCCACTAATGATTGGAGCCCCAGACATAGCATTTCCTCGAATAAACAACATGAGTTTTTGATTACTGCCCCCCTCTTTCATACTATTGTTGGCCTCCTCTGGAGTAGAGGCCGGGGCAGGAACAGGATGAACTGTATACCCCCCCCTTGCCGGGAATCTTGCCCACGCAGGGGCTTCCGTTGATTTAACCATTTTCTCCCTCCACTTGGCAGGTGTGTCCTCAATCTTGGGCGCCATCAATTTTATCACAACAATTATTAATATAAAACCCCCAGCTATTTCACAATATCAAACACCATTGTTCGTATGGGCAATCCTGATTACAGCAGTGCTGCTACTATTATCCCTGCCAGTGCTCGCCGCCGGTATCACAATGTTACTGACAGACCGAAATCTAAATACAACATTCTTTGACCCCGCAGGAGGGGGGGAC
UFAM:CTGA:14502,INPA 43874,tbc,Auchenipteridae,Auchenipterichthys,longimanus,-1.84123,-57.07212,,yes,,NH04,Río en frente de Lagoa Sete Ilhas,
UFAM:CTGA:14503,INPA 43876,tbc,Auchenipteridae,Tatia,nigra,-1.84123,-57.07212,sequence,yes,,NH04,Río en frente de Lagoa Sete Ilhas,CTCTATCTAGTCTTCGGTGCCTGAGCAGGAATAGTTGGCACAGCCCTTAGTCTTCTAATTCGAGCTGAACTAGCTCAACCCGGCGCACTACTAGGGGATGACCAAATTTACAATGTTATCGTTACTGCCCACGCTTTTGTAATAATTTTCTTCATAGTTATACCTATCATGATTGGTGGCTTCGGAAATTGACTTATTCCCCTAATAATTGGAGCCCCCGACATAGCATTTCCCCGAATGAACAATATAAGCTTTTGATTGCTTCCCCCCTCCTTCCTATTATTACTTGCCTCTTCTGGAGTAGAGGCTGGTGCAGGAACAGGATGAACGGTCTATCCCCCTCTTGCCGGTAACCTCGCACATGCAGGGGCTTCAGTAGATCTAACCATCTTCTCTCTTCATTTGGCAGGGGTTTCTTCCATCCTTGGAGCCATTAATTTTATTACAACAATTATTAATATGAAACCTCCAGCCATCTCACAATATCAAACGCCCCTATTTGTATGAGCAGTTCTAATCACCGCAGTATTACTACTTCTATCCCTTCCAGTACTTGCAGCCGGTATTACAATGCTACTAACAGATCGAAATCTAAATACTACATTTTTTGATCCGGCAGGCGGAGGAGACCCA
UFAM:CTGA:14504,INPA 43876,tbc,Auchenipteridae,Tatia,nigra,-1.84123,-57.07212,,yes,,NH04,Río en frente de Lagoa Sete Ilhas,
UFAM:CTGA:14505,INPA 43876,tbc,Auchenipteridae,Tatia,nigra,-1.84123,-57.07212,,yes,,NH04,Río en frente de Lagoa Sete Ilhas,
UFAM:CTGA:14506,INPA 43876,tbc,Auchenipteridae,Tatia,nigra,-1.84123,-57.07212,,yes,,NH04,Río en frente de Lagoa Sete Ilhas,
UFAM:CTGA:14507,INPA 43875,tbc,Auchenipteridae,Tatia,aff. musaica,-1.84123,-57.07212,,yes,9 from NH12,NH04,Río en frente de Lagoa Sete Ilhas,
UFAM:CTGA:14508,INPA 43875,tbc,Auchenipteridae,Tatia,aff. musaica,-1.84123,-57.07212,sequence,yes,9 from NH12,NH04,Río en frente de Lagoa Sete Ilhas,CTCTACTTAGTATTCGGCGCCTGAGCAGGAATAGTTGGTACCGCCCTTAGTCTTCTAATTCGAGCTGAACTAGCTCAGCCCGGTGCCCTACTAGGTGACGATCAAATTTATAATGTTATCGTTACCGCCCATGCTTTCGTAATAATTTTCTTCATAGTCATGCCAATCATGATTGGGGGCTTCGGAAATTGACTCGTACCCCTTATGATTGGGGCCCCCGACATAGCATTTCCACGAATAAACAATATAAGCTTTTGACTACTCCCTCCCTCCTTCCTACTACTACTTGCCTCTTCAGGTGTAGAAGCTGGGGCGGGAACAGGATGGACTGTTTACCCCCCTCTTGCCGGCAACCTCGCACATGCAGGCGCCTCCGTAGACCTCACCATCTTCTCTCTGCATTTGGCAGGTGTCTCCTCCATTCTTGGGGCCATCAACTTTATCACAACAATTATTAACATAAAACCCCCCGCCATTTCACAGTATCAAACACCGTTATTTGTATGGGCAGTTCTAATTACGGCAGTACTACTGCTATTATCACTCCCCGTACTTGCTGCCGGTATTACAATACTGCTAACAGATCGAAATCTAAACACTACTTTCTTTGACCCAGCAGGAGGGGGAGACCCA
UFAM:CTGA:14528,INPA 43871,tbc,Pimelodidae,Calophysus,macropterus,-2.02386,-56.78235,,yes,,NH12,Com. Guariba - rio Nhamundá,
UFAM:CTGA:14529,INPA 43871,tbc,Pimelodidae,Calophysus,macropterus,-2.02386,-56.78235,,yes,,NH12,Com. Guariba - rio Nhamundá,
UFAM:CTGA:14530,INPA 43871,tbc,Pimelodidae,Calophysus,macropterus,-2.02386,-56.78235,,yes,,NH12,Com. Guariba - rio Nhamundá,
UFAM:CTGA:14531,INPA 43871,tbc,Pimelodidae,Calophysus,macropterus,-2.02386,-56.78235,sequence,yes,,NH12,Com. Guariba - rio Nhamundá,CTCTACTTAGTATTTGGTGCCTGAGCCGGAATAGTTGGCACAGCCCTTAGCCTGTTAATTCGGGCAGAGCTGGCCCAACCTGGCGCCCTCCTAGGTGATGACCAGATTTATAATGTTGTTGTTACTGCTCATGCCTTTGTAATAATTTTCTTTATAGTAATACCAATTATAATTGGAGGCTTCGGAAACTGATTGGTCCCCTTAATAATTGGGGCACCAGACATGGCCTTCCCACGAATAAATAATATGAGCTTCTGGCTACTGCCGCCGTCTTTTCTCCTCCTCCTTGCATCATCAGGAGTAGAGGCCGGGGCAGGAACAGGCTGAACTGTCTACCCGCCTCTCGCTGGGAACCTAGCACATGCAGGAGCCTCCGTAGACCTAACTATTTTTTCCCTACATCTGGCAGGTGTGTCATCCATTTTAGGAGCTATTAATTTTATTACAACCATCATTAACATAAAACCACCAGCCATCTCACAGTATCAAACACCGTTGTTTGTATGGTCCGTCTTGATTACAGCAGTGCTGCTTCTCCTGTCACTTCCAGTATTGGCCGCAGGCATTACAATATTATTAACAGACCGGAATCTAAACACAACATTCTTTGATCCTGCAGGAGGGGGGGAC
UFAM:CTGA:14537,INPA 43873,tbc,Heptapteridae,Goeldiella,eques,-1.99702,-57.03758,sequence,yes,,NH10,Río Paratucu,CTTTATTTAGTATTTGGTGCCTGAGCCGGAATAGTTGGTACTGCTCTTAGCCTATTAATTCGGGCAGAGCTAGCCCAACCCGGCGCCCTCCTTGGTGACGACCAGATTTATAATGTTATCGTAACTGCTCATGCCTTCGTAATAATTTTCTTTATAGTAATGCCTATTATAATTGGAGGCTTTGGAAATTGACTAGTCCCCCTAATGATTGGTGCACCAGATATGGCCTTTCCACGAATAAATAATATAAGCTTTTGACTGCTCCCTCCCTCCTTCTTACTTCTACTCGCCTCATCTGGGGTTGAGGCAGGGGTGGGAACAGGATGAACTGTTTACCCCCCTCTTGCCGGAAACCTTGCACATGCTGGGGCTTCTGTAGACCTTGCCATCTTTTCTCTCCACCTTGCAGGTGTATCTTCTATTCTTGGAGCCATTAATTTTATTACAACTATCATTAACATGAAACCACCAGCCATCTCACAATACCAAACACCATTATTTGTATGAGCCATCCTAATTACAGCAGTCCTCCTTCTTTTATCCCTCCCAGTTCTAGCTGCTGGCATTACAATACTATTAACAGATCGAAATTTAAATACCACATTCTTTGATCCCGCAGGAGGGGGAGAT
UFAM:CTGA:14538,INPA 43872,tbc,Doradidae,Scorpiodoras,heckelii,-1.99702,-57.03758,sequence,yes,,NH10,Río Paratucu,CTCTACCTAGTCTTTGGTGCCTGAGCCGGGATAGTTGGTACCGCCCTCAGCCTCTTAATTCGGGCAGAACTTGCTCAACCGGGGGCCCTGCTGGGTGATGACCAAATCTACAATGTTATTGTAACCGCTCATGCCTTTGTTATAATTTTCTTTATAGTAATGCCAATTATGATTGGAGGCTTCGGGAACTGACTCGTGCCCCTAATGATCGGGGCGCCAGACATGGCATTTCCCCGAATAAACAATATAAGCTTTTGACTACTCCCCCCATCTTTCCTGCTACTATTAGCTTCCTCTGGTGTAGAGGCAGGAGCAGGAACTGGGTGAACCGTCTACCCTCCTCTTGCTGGAAACCTTGCACATGCAGGGGCATCTGTAGACCTAACCATTTTCTCCCTGCACCTGGCAGGTGTCTCATCTATTCTGGGCGCCATCAATTTCATTACAACAATTATTAACATAAAACCACCAGCCATCTCACAATATCAGACACCTCTGTTTGTATGAGCAATTCTAATTACTGCCGTACTTCTATTGCTATCACTGCCTGTCCTGGCT
UFAM:CTGA:14539,INPA 43868,tbc,Doradidae,Astrodoras,asterifrons,-2.02386,-56.78235,,yes,,NH12,Com. Guariba - rio Nhamundá,
UFAM:CTGA:14540,INPA 43868,tbc,Doradidae,Astrodoras,asterifrons,-2.02386,-56.78235,sequence,yes,,NH12,Com. Guariba - rio Nhamundá,CTTTACTTAGTCTTCGGTGCCTGAGCTGGGATAGTTGGTACTGCCCTAAGCCTCTTAATTCGAGCAGAACTTGCTCAGCCAGGGGCTCTCTTGGGCGATGACCAAATCTACAATGTTATTGTAACTGCCCACGCCTTTGTTATAATTTTCTTTATAGTAATACCAATCATGATTGGGGGCTTTGGAAACTGACTCGTACCTCTAATGATTGGAGCGCCTGACATGGCATTCCCTCGCATGAATAATATAAGCTTCTGGCTACTTCCCCCTTCTTTTCTACTCCTACTAGCTTCCTCCGGCGTAGAAGCCGGGGCCGGAACAGGCTGGACCGTATATCCCCCTCTTGCTGGCAATCTTGCACATGCAGGAGCATCTGTAGACCTAACCATCTTTTCCCTCCACCTAGCAGGTGTATCATCTATCTTAGGAGCTATCAACTTTATCACAACAATCATCAACATAAAACCCCCGGCCATTTCACAGTACCAAACACCACTATTTGTATGAGCAATCCTCATCACTGCTGTCCTTCTACTATTATCCTTGCCAGTCCTAGCCGCAGGTATTACAATACTACTAACTGACCGTAACCTAAACACCACATTCTTTGACCCCGCAGGAGGG
UFAM:CTGA:14541,INPA 43870,tbc,Loricariidae,Pseudoloricaria,laeviuscula,-2.02386,-56.78235,,yes,,NH12,Com. Guariba - rio Nhamundá,
UFAM:CTGA:14542,INPA 43870,tbc,Loricariidae,Pseudoloricaria,laeviuscula,-2.02386,-56.78235,sequence,yes,,NH12,Com. Guariba - rio Nhamundá,CTCTACCTAGTATTTGGTGCATGAGCAGGAATAGTTGGCACAGCTCTCAGCCTATTAATTCGGGCCGAACTAAGTCAACCAGGCTCCTTATTAGGTGATGATCAGATTTATAATGTCATCGTTACTGCACACGCCTTCGTAATAATCTTCTTCATAGTAATACCCATTATGATTGGAGGGTTTGGGAACTGATTAGTGCCCCTAATAATTGGGGCACCGGACATAGCATTCCCACGCATGAATAACATAAGCTTCTGACTACTTCCACCCTCATTTCTACTTTTACTAGCCTCATCAGGAGTTGAAGCGGGGGCTGGAACAGGTTGAACTGTATATCCCCCACTTGCCGGAAACCTGGCCCATGCAGGAGCTTCAGTTGACCTAACCATCTTCTCACTACATCTAGCAGGTGTTTCATCTATTCTAGGAGCAATTAATTTTATTACCACAATTATTAATATAAAACCCCCAGCTATCTCACAATATCAAACCCCACTATTCGTTTGAGCTGTACTAGTTACAGCCGTCCTTCTCCTCCTCTCCCTCCCAGTACTAGCTGCTGGCATTACGATATTATTAACTGACCGAAATTTAAATACCACTTTCTTTGACCCTGCAGGAGGAGGTGACCCC
UFAM:CTGA:14543,INPA 43870,tbc,Loricariidae,Pseudoloricaria,laeviuscula,-2.02386,-56.78235,,yes,,NH12,Com. Guariba - rio Nhamundá,
UFAM:CTGA:14544,INPA 43869,tbc,Loricariidae,Peckoltia,cf. vittata,-2.02386,-56.78235,sequence,yes,10 from NH12,NH12,Com. Guariba - rio Nhamundá,CTTTACTTAGTATTTGGTGCCTGAGCCGGAATAGTTGGCACAGCTCTCAGCCTTTTAATCCGAGCTGAATTGAGTCAACCCGGCTCCCTACTAGGCGATGACCAAATTTATAATGTCATCGTCACTGCACATGCCTTTGTAATAATTTTTTTTATGGTAATACCAATTATGATTGGAGGTTTTGGAAATTGACTAGTACCACTGATGATTGGGGCCCCCGATATGGCCTTCCCACGAATAAATAATATGAGCTTCTGATTACTCCCCCCATCATTTCTTCTCTTGCTAGCCTCTTCAGGAATTGAAGCAGGGGCAGGAACAGGTTGAACTGTATACCCTCCCCTCGCTGGAAATTTAGCTCACGCAGGAGCTTCAGTTGACCTGACTATCTTTTCACTTCACCTAGCTGGTGTTTCTTCAATTCTAGGAGCAATTAATTTTATTACTACTATTATTAACATAAAACCCCCAGCCATTTCTCAGTACCAAACTCCTTTATTTGTATGAGCTGTGCTTATCACAGCTGTTCTACTTCTTCTTTCACTTCCCGTTTTGGCCGCTGGTATTACAATACTGCTAACA
UFAM:CTGA:14545,INPA 43869,tbc,Loricariidae,Peckoltia,cf. vittata,-2.02386,-56.78235,,yes,10 from NH12,NH12,Com. Guariba - rio Nhamundá,
UFAM:CTGA:14546,INPA 43869,tbc,Loricariidae,Peckoltia,cf. vittata,-2.02386,-56.78235,,no,10 from NH12,NH12,Com. Guariba - rio Nhamundá,
UFAM:CTGA:14547,INPA 43862,tbc,Loricariidae,Ancistrus,sp. 'INPA 43862',-2.19081,-56.7084,sequence,yes,,NH01,Pedras de praia em frente de Cidade de Nhamundá,CTTTACCTAGTGTTTGGTGCTTGAGCCGGAATGGTTGGTACAGCCCTCAGTCTCTTAATTCGAGCTGAGTTAAGCCAACCCGGTTCTCTATTAGGCGATGACCAGATCTACAATGTCATCGTTACCGCACATGCTTTCGTAATAATTTTCTTTATAGTTATACCAATTATGATCGGGGGCTTTGGAAATTGACTAGTTCCACTAATGATTGGAGCGCCCGACATAGCCTTCCCACGAATAAACAACATGAGCTTCTGACTTCTCCCCCCTTCATTCCTTCTCTTACTAGCCTCTTCGGGAGTTGAAGCAGGGGCAGGGACAGGTTGAACTGTATACCCACCCCTTGCCGGAAACTTAGCCCACGCAGGAGCTTCAGTTGACCTAACTATTTTCTCACTACACCTAGCTGGTGTATCTTCAATTCTAGGTGCAATTAACTTCATTACTACAATTATCAACATAAAACCCCCAGCTATTTCACAATATCAAACCCCCCTATTTGTGTGGGCCGTACTTGTTACAGCGGTCCTGCTCCTGCTTTCATTACCCGTTTTGGCTGCCGGTATTACAATGCTACTAACAGATCGAAACCTAAACACCACATTCTTTGACCCTGCAGGCGGTGGAGATCCA
UFAM:CTGA:14548,INPA 43862,tbc,Loricariidae,Ancistrus,sp. 'INPA 43862',-2.19081,-56.7084,,yes,,NH01,Pedras de praia em frente de Cidade de Nhamundá,
UFAM:CTGA:14549,INPA 43861,tbc,Loricariidae,Ancistrus,dolichopterus,-2.19081,-56.7084,,yes,,NH01,Pedras de praia em frente de Cidade de Nhamundá,
UFAM:CTGA:14550,INPA 43864,tbc,Loricariidae,Peckoltia,cf. vittata,-2.19081,-56.7084,,yes,10 from NH12,NH01,Pedras de praia em frente de Cidade de Nhamundá,
UFAM:CTGA:14551,INPA 43864,tbc,Loricariidae,Peckoltia,cf. vittata,-2.19081,-56.7084,,yes,10 from NH12,NH01,Pedras de praia em frente de Cidade de Nhamundá,
UFAM:CTGA:14552,INPA 43863,tbc,Loricariidae,Hypancistrus,sp. 'INPA 43863',-2.19081,-56.7084,,yes,7 from NH01,NH01,Pedras de praia em frente de Cidade de Nhamundá,
UFAM:CTGA:14553,INPA 43863,tbc,Loricariidae,Hypancistrus,sp. 'INPA 43863',-2.19081,-56.7084,,yes,7 from NH01,NH01,Pedras de praia em frente de Cidade de Nhamundá,
UFAM:CTGA:14554,INPA 43863,tbc,Loricariidae,Hypancistrus,sp. 'INPA 43863',-2.19081,-56.7084,,yes,7 from NH01,NH01,Pedras de praia em frente de Cidade de Nhamundá,
UFAM:CTGA:14555,INPA 43863,tbc,Loricariidae,Hypancistrus,sp. 'INPA 43863',-2.19081,-56.7084,sequence,yes,7 from NH01,NH01,Pedras de praia em frente de Cidade de Nhamundá,GCCTGAGCCGGAATAGTTGGTACAGCTCTCAGCCTTTTAATTCGGGCTGAATTAAGCCAACCCGGCTCCCTACTAGGCGATGACCAAATTTATAATGTCATCGTTACTGCACATGCCTTCGTAATAATTTTCTTTATGGTAATACCAATTATAATTGGAGGTTTTGGAAATTGACTAGTACCACTAATAATTGGGGCCCCAGATATGGCCTTCCCACGAATAAATAATATGAGTTTCTGACTACTACCCCCATCATTTCTCCTTTTACTAGCCTCTTCAGGAGTTGAAGCAGGAGCAGGAACAGGTTGAACTGTATACCCTCCCCTCGCTGGAAACTTAGCTCACGCAGGAGCTTCAGTTGACTTAACCATCTTTTCACTTCACCTAGCTGGTGTTTCTTCAATTCTAGGAGCAATTAATTTTATTACTACTATTATTAACATAAAACCTCCAGCTATTTCTCAGTACCAAACTCCTTTATTTGTATGGGCTGTGCTTATTACAGCTGTCCTACTTCTTCTTTCACTTCCTGTTCTAGCCGCTGGGATTACAATACTGCTAACAGACCGAAATTTAAATACTACCTTCTTCGATCCC
UFAM:CTGA:14556,INPA 43863,tbc,Loricariidae,Hypancistrus,sp. 'INPA 43863',-2.19081,-56.7084,,yes,7 from NH01,NH01,Pedras de praia em frente de Cidade de Nhamundá,
